b5d6d84366c97f1fba61feead3b8ad6a0580823f;S:\CERTIFICADO\X_2019_04\;NF062091_ITEM1.pdf
0625512204f2806080a18520b642ea5a71a79853;S:\CERTIFICADO\X_2019_04\;NF062091_ITEM2.pdf
30e7cc75338d28ccac6165025e39d14c12a32311;S:\CERTIFICADO\X_2019_04\;NF062091_ITEM3.pdf
38d54d888848aa343ebe11e13fdb5fb877dbabe5;S:\CERTIFICADO\1_2019_04\;NF048842_ITEM1.pdf
5a990ec56ab9dd270c8edbcdd80bd87c5f8a5d59;S:\CERTIFICADO\X_2019_04\;NF062092_ITEM1.pdf
3b4064494b708ab15d1e8fc74218ef4392a5bb97;S:\CERTIFICADO\1_2019_04\;NF048843_ITEM1.pdf
606bfa636e0ed8f8b366b42372ee10aedd9feb68;S:\CERTIFICADO\1_2019_04\;NF048844_ITEM1.pdf
1d142c927060df26b362511c39aa486cc382895b;S:\CERTIFICADO\1_2019_04\;NF048845_ITEM1.pdf
4c4e77571b2d967da3b6cabc68690ae17f4f70ed;S:\CERTIFICADO\1_2019_04\;NF048845_ITEM2.pdf
4d538e4d46f0295080a84f951c08a87b0f08b000;S:\CERTIFICADO\1_2019_04\;NF048845_ITEM3.pdf
b4f456c8c4f8f448c36b0eace6be6313da5d3f66;S:\CERTIFICADO\1_2019_04\;NF048845_ITEM4.pdf
5ef3abf4e8d6ffbffc17236f5bfbd199f0b06a19;S:\CERTIFICADO\1_2019_04\;NF048845_ITEM5.pdf
19fb36e74b854558fc8e0a19fc3b63aefdba9faf;S:\CERTIFICADO\1_2019_04\;NF048845_ITEM6.pdf
c4e9730e3e1fe4b01805a05ad6e41f15e976f662;S:\CERTIFICADO\1_2019_04\;NF048845_ITEM7.pdf
12af8f53610e95a97a3b523066bdf90dfc5df25c;S:\CERTIFICADO\1_2019_04\;NF048845_ITEM8.pdf
1b0eed4abbccec9c561dfbd6b57296c30ccd9842;S:\CERTIFICADO\1_2019_04\;NF048845_ITEM9.pdf
be4cd53e69922dc735c08e5b29e5730ebf5fdf00;S:\CERTIFICADO\1_2019_04\;NF048845_ITEM10.pdf
02c35055bb175033c5d4907058456be734f8259f;S:\CERTIFICADO\1_2019_04\;NF048845_ITEM11.pdf
f90d9193fdeae535b2006c0ab2850c979ab8224f;S:\CERTIFICADO\1_2019_04\;NF048845_ITEM12.pdf
047ed36b226804931ab0321c7ee86f553f0e57ed;S:\CERTIFICADO\1_2019_04\;NF048845_ITEM13.pdf
7f51d5d0834fe0cacf74a206b3122f38026a892a;S:\CERTIFICADO\1_2019_04\;NF048846_ITEM1.pdf
eceadb5d4c5ea7eefbb18d78253e69bc01aa6fac;S:\CERTIFICADO\1_2019_04\;NF048847_ITEM1.pdf
30eb5c4fb16f4e70cad886596d5c3cc0a66fbd40;S:\CERTIFICADO\1_2019_04\;NF048847_ITEM2.pdf
36d9db1bfab2a05131f50e8bbe2bda6f1bd2919e;S:\CERTIFICADO\1_2019_04\;NF048847_ITEM3.pdf
064862cff938822e49c08eae14841fb3daff41c5;S:\CERTIFICADO\1_2019_04\;NF048848_ITEM1.pdf
2acaf4d61597b502aa5f47873fe1fba55c5e2958;S:\CERTIFICADO\1_2019_04\;NF048848_ITEM2.pdf
533c8907534ddefe1f1a9317d9fff1f87a869ce3;S:\CERTIFICADO\1_2019_04\;NF048848_ITEM3.pdf
7f88b3591570e699ed773008d3b69e796fb8c194;S:\CERTIFICADO\1_2019_04\;NF048848_ITEM4.pdf
557719e533252d46f6a8294690724af128ff22c9;S:\CERTIFICADO\1_2019_04\;NF048849_ITEM1.pdf
46592f00c2d7747151cf57ee699c6d81beb8ba18;S:\CERTIFICADO\1_2019_04\;NF048850_ITEM1.pdf
a18ae1bc15b6adb2e2879b51ef475dc25e0f8a1f;S:\CERTIFICADO\1_2019_04\;NF048850_ITEM2.pdf
088cc17dad38abd9f78fd78ca36b993ccefc44e7;S:\CERTIFICADO\1_2019_04\;NF048851_ITEM1.pdf
f2686e0ae27c83153f20529875d7fe758c65a6d5;S:\CERTIFICADO\1_2019_04\;NF048851_ITEM2.pdf
ad3574aa7e08ab83a3f1089554575362c22efd6d;S:\CERTIFICADO\1_2019_04\;NF048852_ITEM1.pdf
17a5c156cdd67fdb138c90dd927abfc649a82c81;S:\CERTIFICADO\1_2019_04\;NF048853_ITEM1.pdf
2064639006a4b4d316f7c3fa7c1d5af5bbab2cdc;S:\CERTIFICADO\1_2019_04\;NF048853_ITEM2.pdf
55001bc6673a613dd8811471529a47a0863f8f3e;S:\CERTIFICADO\1_2019_04\;NF048853_ITEM3.pdf
5bce48300cbb45672f33d3914828d96af765dc29;S:\CERTIFICADO\1_2019_04\;NF048853_ITEM4.pdf
50671ed215840393cf31d09c9f3689a06bd04c1f;S:\CERTIFICADO\1_2019_04\;NF048853_ITEM5.pdf
